{"TRANSITION_AND_NEW_GOVERNMENT": {"cabinet": 21.50111363073666, "picks": 12.542316284596385, "twitter": 10.986122886681098, "transition": 9.704060527839234, "border": 8.958797346140274, "gun": 8.958797346140274, "top": 8.958797346140274, "tuesday": 8.958797346140274, "inauguration": 8.788898309344878, "potus": 8.788898309344878}, "INTERNAL_AFFAIRS": {"lead": 7.16703787691222, "threatens": 7.16703787691222, "certify": 6.591673732008658, "georgia": 6.48744172973063, "civil": 5.375278407684165, "my": 5.375278407684165, "saved": 5.375278407684165, "gop": 4.460116189189808, "michigan": 4.460116189189808, "certifies": 4.394449154672439}, "FOREIGN_AFFAIRS": {"g": 5.493061443340549, "afghanistan": 5.375278407684165, "mayor": 5.375278407684165, "advance": 3.58351893845611, "beat": 3.58351893845611, "children": 3.58351893845611, "drawdowns": 3.58351893845611, "eat": 3.58351893845611, "golfing": 3.58351893845611, "hasty": 3.58351893845611}, "ELECTION_RESULTS_AND_RECOUNTS": {"recount": 17.328679513998633, "obstructing": 14.33407575382444, "requests": 14.33407575382444, "observers": 12.084735175349207, "wisconsin": 10.986122886681098, "congratulates": 8.788898309344878, "results": 7.6246189861593985, "georgia": 5.676511513514301, "files": 5.375278407684165, "among": 5.375278407684165}, "ELECTION_LEGAL_AFFAIRS": {"lawyers": 12.542316284596385, "lawsuit": 12.084735175349207, "lawyer": 10.75055681536833, "michigan": 9.731162594595945, "try": 8.958797346140274, "subvert": 8.958797346140274, "campaign": 8.920232378379616, "court": 8.788898309344878, "christie": 6.591673732008658, "lawmakers": 6.238324625039508}, "NA": {"fda": 12.542316284596385, "emergency": 10.75055681536833, "antibody": 8.958797346140274, "cocktail": 7.16703787691222, "infected": 7.16703787691222, "isolation": 7.16703787691222, "jr": 5.545177444479562, "authorization": 5.375278407684165, "geraldo": 5.375278407684165, "grants": 5.375278407684165}}