{
   "TRANSITION_AND_NEW_GOVERNMENT":{
      "cabinet":23.292873099964716,
      "transition":17.328679513998633,
      "twitter":13.183347464017316,
      "picks":12.542316284596385,
      "gun":10.75055681536833,
      "potus":9.887510598012987,
      "aoc":8.958797346140274,
      "garland":8.958797346140274,
      "give":8.958797346140274,
      "merrick":8.958797346140274
   },
   "INTERNAL_AFFAIRS":{
      "prescription":7.690286020676768,
      "lead":7.16703787691222,
      "threatens":7.16703787691222,
      "civil":5.375278407684165,
      "life":5.375278407684165,
      "saved":5.375278407684165,
      "michigan":4.460116189189808,
      "certifies":4.394449154672439,
      "costs":4.394449154672439,
      "certify":4.1588830833596715
   },
   "FOREIGN_AFFAIRS":{
      "afghanistan":7.16703787691222,
      "g":5.493061443340549,
      "mayor":5.375278407684165,
      "putin":5.375278407684165,
      "east":4.394449154672439,
      "middle":4.394449154672439,
      "children":3.58351893845611,
      "drawdowns":3.58351893845611,
      "eat":3.58351893845611,
      "eurasia":3.58351893845611
   },
   "ELECTION_RESULTS_AND_RECOUNTS":{
      "recount":22.873856958478193,
      "obstructing":14.33407575382444,
      "requests":14.33407575382444,
      "certifies":13.183347464017316,
      "wisconsin":13.183347464017316,
      "observers":12.084735175349207,
      "results":11.78350206951907,
      "certified":8.958797346140274,
      "congratulates":8.788898309344878,
      "georgia":6.016611374200502
   },
   "ELECTION_LEGAL_AFFAIRS":{
      "michigan":20.273255405408218,
      "lawyers":17.577796618689757,
      "subvert":14.33407575382444,
      "lawsuit":14.281959752685427,
      "lawyer":13.183347464017316,
      "lawmakers":13.16979643063896,
      "minnesota":12.542316284596385,
      "affidavit":10.75055681536833,
      "try":10.75055681536833,
      "coup":10.39720770839918
   },
   "NA":{
      "fda":12.542316284596385,
      "antibody":8.958797346140274,
      "lara":8.958797346140274,
      "cocktail":7.16703787691222,
      "education":7.16703787691222,
      "infected":7.16703787691222,
      "isolation":7.16703787691222,
      "run":7.16703787691222,
      "sister":6.591673732008658,
      "twitter":6.591673732008658
   }
}