{
   "TRANSITION_AND_NEW_GOVERNMENT":{
      "cabinet":16.285918590439785,
      "transition":13.990394698385566,
      "picks":13.621371043387192,
      "potus":11.274866716458313,
      "twitter":10.167574324646445,
      "inauguration":10.022103747962944,
      "garland":9.729550745276565,
      "merrick":9.729550745276565,
      "climate":8.769340779467576,
      "asking":7.783640596221253
   },
   "INTERNAL_AFFAIRS":{
      "prescription":8.769340779467576,
      "saved":5.8377304471659395,
      "costs":5.011051873981472,
      "lead":5.011051873981472,
      "threatens":5.011051873981472,
      "authority":3.8918202981106265,
      "chances":3.8918202981106265,
      "defend":3.8918202981106265,
      "learned":3.8918202981106265,
      "seals":3.8918202981106265
   },
   "FOREIGN_AFFAIRS":{
      "afghanistan":5.011051873981472,
      "g":4.236489301936018,
      "drawdowns":3.8918202981106265,
      "eat":3.8918202981106265,
      "eurasia":3.8918202981106265,
      "golfing":3.8918202981106265,
      "hasty":3.8918202981106265,
      "immigrant":3.8918202981106265,
      "iraq":3.8918202981106265,
      "israel":3.8918202981106265
   },
   "ELECTION_RESULTS_AND_RECOUNTS":{
      "recount":18.467321001868946,
      "obstructing":15.567281192442506,
      "certifies":10.167574324646445,
      "wisconsin":10.167574324646445,
      "congratulates":10.022103747962944,
      "requests":10.022103747962944,
      "results":9.513468394902185,
      "observers":9.32027646425924,
      "certified":6.26381484247684,
      "toomey":5.931085022710426
   },
   "ELECTION_LEGAL_AFFAIRS":{
      "michigan":16.823611831060646,
      "lawyers":13.556765766195259,
      "lawsuit":11.014872185033648,
      "lawmakers":10.63269997077303,
      "lawyer":10.167574324646445,
      "subvert":10.022103747962944,
      "minnesota":8.769340779467576,
      "coup":8.39423681903134,
      "results":8.39423681903134,
      "tactics":7.783640596221253
   },
   "NA":{
      "antibody":9.729550745276565,
      "lara":9.729550745276565,
      "fda":8.769340779467576,
      "cocktail":7.783640596221253,
      "infected":7.783640596221253,
      "sister":7.516577810972208,
      "ivanka":6.778382883097629,
      "supporters":6.778382883097629,
      "grants":5.8377304471659395,
      "parody":5.8377304471659395
   },
   "OTHER":{
      "california":56.431394322604085,
      "ballot":40.86411313016158,
      "rittenhouse":40.86411313016158,
      "cuomo":40.08841499185178,
      "newsom":38.91820298110626,
      "kyle":36.972292832050954,
      "loeffler":36.972292832050954,
      "stimulus":33.08047253394032,
      "health":31.13456238488501,
      "rick":31.13456238488501
   }
}